date,home_team,away_team,game_id,url,stage
2010-08-14 15:00:00,Aston Villa,West Ham,410988,https://www.whoscored.com/Matches/410988/Live/England-Premier-League-2010-2011-Aston-Villa-West-Ham,
2010-08-14 15:00:00,Blackburn,Everton,410989,https://www.whoscored.com/Matches/410989/Live/England-Premier-League-2010-2011-Blackburn-Everton,
2010-08-14 15:00:00,Bolton,Fulham,410991,https://www.whoscored.com/Matches/410991/Live/England-Premier-League-2010-2011-Bolton-Fulham,
2010-08-14 17:30:00,Chelsea,West Bromwich,410992,https://www.whoscored.com/Matches/410992/Live/England-Premier-League-2010-2011-Chelsea-West-Bromwich,
2010-08-14 15:00:00,Sunderland,Birmingham,410995,https://www.whoscored.com/Matches/410995/Live/England-Premier-League-2010-2011-Sunderland-Birmingham,
2010-08-14 12:45:00,Tottenham,Manchester City,410996,https://www.whoscored.com/Matches/410996/Live/England-Premier-League-2010-2011-Tottenham-Manchester-City,
2010-08-14 15:00:00,Wigan,Blackpool,411385,https://www.whoscored.com/Matches/411385/Live/England-Premier-League-2010-2011-Wigan-Blackpool,
2010-08-14 15:00:00,Wolverhampton,Stoke,410997,https://www.whoscored.com/Matches/410997/Live/England-Premier-League-2010-2011-Wolverhampton-Stoke,
2010-08-15 16:00:00,Liverpool,Arsenal,410993,https://www.whoscored.com/Matches/410993/Live/England-Premier-League-2010-2011-Liverpool-Arsenal,
2010-08-16 20:00:00,Manchester United,Newcastle,410994,https://www.whoscored.com/Matches/410994/Live/England-Premier-League-2010-2011-Manchester-United-Newcastle,
2010-08-21 15:00:00,Arsenal,Blackpool,411016,https://www.whoscored.com/Matches/411016/Live/England-Premier-League-2010-2011-Arsenal-Blackpool,
2010-08-21 15:00:00,Birmingham,Blackburn,411022,https://www.whoscored.com/Matches/411022/Live/England-Premier-League-2010-2011-Birmingham-Blackburn,
2010-08-21 15:00:00,Everton,Wolverhampton,411018,https://www.whoscored.com/Matches/411018/Live/England-Premier-League-2010-2011-Everton-Wolverhampton,
2010-08-21 15:00:00,Stoke,Tottenham,411024,https://www.whoscored.com/Matches/411024/Live/England-Premier-League-2010-2011-Stoke-Tottenham,
2010-08-21 15:00:00,West Bromwich,Sunderland,411023,https://www.whoscored.com/Matches/411023/Live/England-Premier-League-2010-2011-West-Bromwich-Sunderland,
2010-08-21 15:00:00,West Ham,Bolton,411017,https://www.whoscored.com/Matches/411017/Live/England-Premier-League-2010-2011-West-Ham-Bolton,
2010-08-21 17:15:00,Wigan,Chelsea,411025,https://www.whoscored.com/Matches/411025/Live/England-Premier-League-2010-2011-Wigan-Chelsea,
2010-08-22 16:00:00,Fulham,Manchester United,411021,https://www.whoscored.com/Matches/411021/Live/England-Premier-League-2010-2011-Fulham-Manchester-United,
2010-08-22 13:30:00,Newcastle,Aston Villa,411019,https://www.whoscored.com/Matches/411019/Live/England-Premier-League-2010-2011-Newcastle-Aston-Villa,
2010-08-23 20:00:00,Manchester City,Liverpool,411020,https://www.whoscored.com/Matches/411020/Live/England-Premier-League-2010-2011-Manchester-City-Liverpool,
2010-08-28 12:45:00,Blackburn,Arsenal,411032,https://www.whoscored.com/Matches/411032/Live/England-Premier-League-2010-2011-Blackburn-Arsenal,
2010-08-28 15:00:00,Blackpool,Fulham,411036,https://www.whoscored.com/Matches/411036/Live/England-Premier-League-2010-2011-Blackpool-Fulham,
2010-08-28 15:00:00,Chelsea,Stoke,411038,https://www.whoscored.com/Matches/411038/Live/England-Premier-League-2010-2011-Chelsea-Stoke,
2010-08-28 17:30:00,Manchester United,West Ham,411026,https://www.whoscored.com/Matches/411026/Live/England-Premier-League-2010-2011-Manchester-United-West-Ham,
2010-08-28 15:00:00,Tottenham,Wigan,411029,https://www.whoscored.com/Matches/411029/Live/England-Premier-League-2010-2011-Tottenham-Wigan,
2010-08-28 15:00:00,Wolverhampton,Newcastle,411031,https://www.whoscored.com/Matches/411031/Live/England-Premier-League-2010-2011-Wolverhampton-Newcastle,
2010-08-29 16:00:00,Aston Villa,Everton,411030,https://www.whoscored.com/Matches/411030/Live/England-Premier-League-2010-2011-Aston-Villa-Everton,
2010-08-29 13:30:00,Bolton,Birmingham,411034,https://www.whoscored.com/Matches/411034/Live/England-Premier-League-2010-2011-Bolton-Birmingham,
2010-08-29 15:00:00,Liverpool,West Bromwich,411027,https://www.whoscored.com/Matches/411027/Live/England-Premier-League-2010-2011-Liverpool-West-Bromwich,
2010-08-29 15:00:00,Sunderland,Manchester City,411028,https://www.whoscored.com/Matches/411028/Live/England-Premier-League-2010-2011-Sunderland-Manchester-City,
2010-09-11 15:00:00,Arsenal,Bolton,411040,https://www.whoscored.com/Matches/411040/Live/England-Premier-League-2010-2011-Arsenal-Bolton,
2010-09-11 12:45:00,Everton,Manchester United,411044,https://www.whoscored.com/Matches/411044/Live/England-Premier-League-2010-2011-Everton-Manchester-United,
2010-09-11 15:00:00,Fulham,Wolverhampton,411037,https://www.whoscored.com/Matches/411037/Live/England-Premier-League-2010-2011-Fulham-Wolverhampton,
2010-09-11 15:00:00,Manchester City,Blackburn,411035,https://www.whoscored.com/Matches/411035/Live/England-Premier-League-2010-2011-Manchester-City-Blackburn,
2010-09-11 15:00:00,Newcastle,Blackpool,411033,https://www.whoscored.com/Matches/411033/Live/England-Premier-League-2010-2011-Newcastle-Blackpool,
2010-09-11 15:00:00,West Bromwich,Tottenham,411041,https://www.whoscored.com/Matches/411041/Live/England-Premier-League-2010-2011-West-Bromwich-Tottenham,
2010-09-11 15:00:00,West Ham,Chelsea,411042,https://www.whoscored.com/Matches/411042/Live/England-Premier-League-2010-2011-West-Ham-Chelsea,
2010-09-11 15:00:00,Wigan,Sunderland,411045,https://www.whoscored.com/Matches/411045/Live/England-Premier-League-2010-2011-Wigan-Sunderland,
2010-09-12 16:00:00,Birmingham,Liverpool,411039,https://www.whoscored.com/Matches/411039/Live/England-Premier-League-2010-2011-Birmingham-Liverpool,
2010-09-13 20:00:00,Stoke,Aston Villa,411043,https://www.whoscored.com/Matches/411043/Live/England-Premier-League-2010-2011-Stoke-Aston-Villa,
2010-09-18 15:00:00,Aston Villa,Bolton,411049,https://www.whoscored.com/Matches/411049/Live/England-Premier-League-2010-2011-Aston-Villa-Bolton,
2010-09-18 15:00:00,Blackburn,Fulham,411051,https://www.whoscored.com/Matches/411051/Live/England-Premier-League-2010-2011-Blackburn-Fulham,
2010-09-18 15:00:00,Everton,Newcastle,411050,https://www.whoscored.com/Matches/411050/Live/England-Premier-League-2010-2011-Everton-Newcastle,
2010-09-18 12:45:00,Stoke,West Ham,411053,https://www.whoscored.com/Matches/411053/Live/England-Premier-League-2010-2011-Stoke-West-Ham,
2010-09-18 17:30:00,Sunderland,Arsenal,411047,https://www.whoscored.com/Matches/411047/Live/England-Premier-League-2010-2011-Sunderland-Arsenal,
2010-09-18 15:00:00,Tottenham,Wolverhampton,411048,https://www.whoscored.com/Matches/411048/Live/England-Premier-League-2010-2011-Tottenham-Wolverhampton,
2010-09-18 15:00:00,West Bromwich,Birmingham,411052,https://www.whoscored.com/Matches/411052/Live/England-Premier-League-2010-2011-West-Bromwich-Birmingham,
2010-09-19 16:00:00,Chelsea,Blackpool,411055,https://www.whoscored.com/Matches/411055/Live/England-Premier-League-2010-2011-Chelsea-Blackpool,
2010-09-19 13:30:00,Manchester United,Liverpool,411046,https://www.whoscored.com/Matches/411046/Live/England-Premier-League-2010-2011-Manchester-United-Liverpool,
2010-09-19 15:00:00,Wigan,Manchester City,411054,https://www.whoscored.com/Matches/411054/Live/England-Premier-League-2010-2011-Wigan-Manchester-City,
2010-09-25 15:00:00,Arsenal,West Bromwich,411056,https://www.whoscored.com/Matches/411056/Live/England-Premier-League-2010-2011-Arsenal-West-Bromwich,
2010-09-25 15:00:00,Birmingham,Wigan,411080,https://www.whoscored.com/Matches/411080/Live/England-Premier-League-2010-2011-Birmingham-Wigan,
2010-09-25 15:00:00,Blackpool,Blackburn,411086,https://www.whoscored.com/Matches/411086/Live/England-Premier-League-2010-2011-Blackpool-Blackburn,
2010-09-25 15:00:00,Fulham,Everton,411077,https://www.whoscored.com/Matches/411077/Live/England-Premier-League-2010-2011-Fulham-Everton,
2010-09-25 15:00:00,Liverpool,Sunderland,411057,https://www.whoscored.com/Matches/411057/Live/England-Premier-League-2010-2011-Liverpool-Sunderland,
2010-09-25 12:45:00,Manchester City,Chelsea,411060,https://www.whoscored.com/Matches/411060/Live/England-Premier-League-2010-2011-Manchester-City-Chelsea,
2010-09-25 15:00:00,West Ham,Tottenham,411058,https://www.whoscored.com/Matches/411058/Live/England-Premier-League-2010-2011-West-Ham-Tottenham,
2010-09-26 12:00:00,Bolton,Manchester United,411083,https://www.whoscored.com/Matches/411083/Live/England-Premier-League-2010-2011-Bolton-Manchester-United,
2010-09-26 16:10:00,Newcastle,Stoke,411059,https://www.whoscored.com/Matches/411059/Live/England-Premier-League-2010-2011-Newcastle-Stoke,
2010-09-26 14:05:00,Wolverhampton,Aston Villa,411074,https://www.whoscored.com/Matches/411074/Live/England-Premier-League-2010-2011-Wolverhampton-Aston-Villa,
2010-10-02 15:00:00,Birmingham,Everton,411098,https://www.whoscored.com/Matches/411098/Live/England-Premier-League-2010-2011-Birmingham-Everton,
2010-10-02 15:00:00,Stoke,Blackburn,411102,https://www.whoscored.com/Matches/411102/Live/England-Premier-League-2010-2011-Stoke-Blackburn,
2010-10-02 15:00:00,Sunderland,Manchester United,411090,https://www.whoscored.com/Matches/411090/Live/England-Premier-League-2010-2011-Sunderland-Manchester-United,
2010-10-02 15:00:00,Tottenham,Aston Villa,411092,https://www.whoscored.com/Matches/411092/Live/England-Premier-League-2010-2011-Tottenham-Aston-Villa,
2010-10-02 15:00:00,West Bromwich,Bolton,411100,https://www.whoscored.com/Matches/411100/Live/England-Premier-League-2010-2011-West-Bromwich-Bolton,
2010-10-02 15:00:00,West Ham,Fulham,411094,https://www.whoscored.com/Matches/411094/Live/England-Premier-League-2010-2011-West-Ham-Fulham,
2010-10-02 12:45:00,Wigan,Wolverhampton,411104,https://www.whoscored.com/Matches/411104/Live/England-Premier-League-2010-2011-Wigan-Wolverhampton,
2010-10-03 16:00:00,Chelsea,Arsenal,411106,https://www.whoscored.com/Matches/411106/Live/England-Premier-League-2010-2011-Chelsea-Arsenal,
2010-10-03 15:00:00,Liverpool,Blackpool,411088,https://www.whoscored.com/Matches/411088/Live/England-Premier-League-2010-2011-Liverpool-Blackpool,
2010-10-03 13:30:00,Manchester City,Newcastle,411096,https://www.whoscored.com/Matches/411096/Live/England-Premier-League-2010-2011-Manchester-City-Newcastle,
2010-10-16 15:00:00,Arsenal,Birmingham,411063,https://www.whoscored.com/Matches/411063/Live/England-Premier-League-2010-2011-Arsenal-Birmingham,
2010-10-16 17:30:00,Aston Villa,Chelsea,411065,https://www.whoscored.com/Matches/411065/Live/England-Premier-League-2010-2011-Aston-Villa-Chelsea,
2010-10-16 15:00:00,Bolton,Stoke,411079,https://www.whoscored.com/Matches/411079/Live/England-Premier-League-2010-2011-Bolton-Stoke,
2010-10-16 15:00:00,Fulham,Tottenham,411076,https://www.whoscored.com/Matches/411076/Live/England-Premier-League-2010-2011-Fulham-Tottenham,
2010-10-16 15:00:00,Manchester United,West Bromwich,411061,https://www.whoscored.com/Matches/411061/Live/England-Premier-League-2010-2011-Manchester-United-West-Bromwich,
2010-10-16 15:00:00,Newcastle,Wigan,411069,https://www.whoscored.com/Matches/411069/Live/England-Premier-League-2010-2011-Newcastle-Wigan,
2010-10-16 15:00:00,Wolverhampton,West Ham,411071,https://www.whoscored.com/Matches/411071/Live/England-Premier-League-2010-2011-Wolverhampton-West-Ham,
2010-10-17 16:00:00,Blackpool,Manchester City,411082,https://www.whoscored.com/Matches/411082/Live/England-Premier-League-2010-2011-Blackpool-Manchester-City,
2010-10-17 13:30:00,Everton,Liverpool,411067,https://www.whoscored.com/Matches/411067/Live/England-Premier-League-2010-2011-Everton-Liverpool,
2010-10-18 20:00:00,Blackburn,Sunderland,411073,https://www.whoscored.com/Matches/411073/Live/England-Premier-League-2010-2011-Blackburn-Sunderland,
2010-10-23 15:00:00,Birmingham,Blackpool,411070,https://www.whoscored.com/Matches/411070/Live/England-Premier-League-2010-2011-Birmingham-Blackpool,
2010-10-23 15:00:00,Chelsea,Wolverhampton,411081,https://www.whoscored.com/Matches/411081/Live/England-Premier-League-2010-2011-Chelsea-Wolverhampton,
2010-10-23 15:00:00,Sunderland,Aston Villa,411062,https://www.whoscored.com/Matches/411062/Live/England-Premier-League-2010-2011-Sunderland-Aston-Villa,
2010-10-23 12:45:00,Tottenham,Everton,411064,https://www.whoscored.com/Matches/411064/Live/England-Premier-League-2010-2011-Tottenham-Everton,
2010-10-23 15:00:00,West Bromwich,Fulham,411072,https://www.whoscored.com/Matches/411072/Live/England-Premier-League-2010-2011-West-Bromwich-Fulham,
2010-10-23 17:30:00,West Ham,Newcastle,411066,https://www.whoscored.com/Matches/411066/Live/England-Premier-League-2010-2011-West-Ham-Newcastle,
2010-10-23 15:00:00,Wigan,Bolton,411078,https://www.whoscored.com/Matches/411078/Live/England-Premier-League-2010-2011-Wigan-Bolton,
2010-10-24 15:00:00,Liverpool,Blackburn,411085,https://www.whoscored.com/Matches/411085/Live/England-Premier-League-2010-2011-Liverpool-Blackburn,
2010-10-24 16:00:00,Manchester City,Arsenal,411068,https://www.whoscored.com/Matches/411068/Live/England-Premier-League-2010-2011-Manchester-City-Arsenal,
2010-10-24 13:30:00,Stoke,Manchester United,411075,https://www.whoscored.com/Matches/411075/Live/England-Premier-League-2010-2011-Stoke-Manchester-United,
2010-10-30 15:00:00,Arsenal,West Ham,411087,https://www.whoscored.com/Matches/411087/Live/England-Premier-League-2010-2011-Arsenal-West-Ham,
2010-10-30 15:00:00,Blackburn,Chelsea,411097,https://www.whoscored.com/Matches/411097/Live/England-Premier-League-2010-2011-Blackburn-Chelsea,
2010-10-30 15:00:00,Everton,Stoke,411091,https://www.whoscored.com/Matches/411091/Live/England-Premier-League-2010-2011-Everton-Stoke,
2010-10-30 15:00:00,Fulham,Wigan,411099,https://www.whoscored.com/Matches/411099/Live/England-Premier-League-2010-2011-Fulham-Wigan,
2010-10-30 17:30:00,Manchester United,Tottenham,411084,https://www.whoscored.com/Matches/411084/Live/England-Premier-League-2010-2011-Manchester-United-Tottenham,
2010-10-30 15:00:00,Wolverhampton,Manchester City,411095,https://www.whoscored.com/Matches/411095/Live/England-Premier-League-2010-2011-Wolverhampton-Manchester-City,
2010-10-31 12:00:00,Aston Villa,Birmingham,411089,https://www.whoscored.com/Matches/411089/Live/England-Premier-League-2010-2011-Aston-Villa-Birmingham,
2010-10-31 16:00:00,Bolton,Liverpool,411101,https://www.whoscored.com/Matches/411101/Live/England-Premier-League-2010-2011-Bolton-Liverpool,
2010-10-31 13:30:00,Newcastle,Sunderland,411093,https://www.whoscored.com/Matches/411093/Live/England-Premier-League-2010-2011-Newcastle-Sunderland,
2010-11-01 20:00:00,Blackpool,West Bromwich,411103,https://www.whoscored.com/Matches/411103/Live/England-Premier-League-2010-2011-Blackpool-West-Bromwich,
2010-11-06 15:00:00,Birmingham,West Ham,411155,https://www.whoscored.com/Matches/411155/Live/England-Premier-League-2010-2011-Birmingham-West-Ham,
2010-11-06 15:00:00,Blackburn,Wigan,411110,https://www.whoscored.com/Matches/411110/Live/England-Premier-League-2010-2011-Blackburn-Wigan,
2010-11-06 15:00:00,Blackpool,Everton,411169,https://www.whoscored.com/Matches/411169/Live/England-Premier-League-2010-2011-Blackpool-Everton,
2010-11-06 12:45:00,Bolton,Tottenham,411160,https://www.whoscored.com/Matches/411160/Live/England-Premier-League-2010-2011-Bolton-Tottenham,
2010-11-06 15:00:00,Fulham,Aston Villa,411149,https://www.whoscored.com/Matches/411149/Live/England-Premier-League-2010-2011-Fulham-Aston-Villa,
2010-11-06 15:00:00,Manchester United,Wolverhampton,411105,https://www.whoscored.com/Matches/411105/Live/England-Premier-League-2010-2011-Manchester-United-Wolverhampton,
2010-11-06 15:00:00,Sunderland,Stoke,411109,https://www.whoscored.com/Matches/411109/Live/England-Premier-League-2010-2011-Sunderland-Stoke,
2010-11-07 13:30:00,Arsenal,Newcastle,411107,https://www.whoscored.com/Matches/411107/Live/England-Premier-League-2010-2011-Arsenal-Newcastle,
2010-11-07 16:00:00,Liverpool,Chelsea,411108,https://www.whoscored.com/Matches/411108/Live/England-Premier-League-2010-2011-Liverpool-Chelsea,
2010-11-07 15:00:00,West Bromwich,Manchester City,411165,https://www.whoscored.com/Matches/411165/Live/England-Premier-League-2010-2011-West-Bromwich-Manchester-City,
2010-11-09 19:45:00,Stoke,Birmingham,411111,https://www.whoscored.com/Matches/411111/Live/England-Premier-League-2010-2011-Stoke-Birmingham,
2010-11-09 20:00:00,Tottenham,Sunderland,411173,https://www.whoscored.com/Matches/411173/Live/England-Premier-League-2010-2011-Tottenham-Sunderland,
2010-11-10 19:45:00,Aston Villa,Blackpool,411123,https://www.whoscored.com/Matches/411123/Live/England-Premier-League-2010-2011-Aston-Villa-Blackpool,
2010-11-10 19:45:00,Chelsea,Fulham,411145,https://www.whoscored.com/Matches/411145/Live/England-Premier-League-2010-2011-Chelsea-Fulham,
2010-11-10 20:00:00,Everton,Bolton,411129,https://www.whoscored.com/Matches/411129/Live/England-Premier-League-2010-2011-Everton-Bolton,
2010-11-10 20:00:00,Manchester City,Manchester United,411140,https://www.whoscored.com/Matches/411140/Live/England-Premier-League-2010-2011-Manchester-City-Manchester-United,
2010-11-10 19:45:00,Newcastle,Blackburn,411135,https://www.whoscored.com/Matches/411135/Live/England-Premier-League-2010-2011-Newcastle-Blackburn,
2010-11-10 19:45:00,West Ham,West Bromwich,411177,https://www.whoscored.com/Matches/411177/Live/England-Premier-League-2010-2011-West-Ham-West-Bromwich,
2010-11-10 19:45:00,Wigan,Liverpool,411117,https://www.whoscored.com/Matches/411117/Live/England-Premier-League-2010-2011-Wigan-Liverpool,
2010-11-10 19:45:00,Wolverhampton,Arsenal,411180,https://www.whoscored.com/Matches/411180/Live/England-Premier-League-2010-2011-Wolverhampton-Arsenal,
2010-11-13 12:45:00,Aston Villa,Manchester United,411118,https://www.whoscored.com/Matches/411118/Live/England-Premier-League-2010-2011-Aston-Villa-Manchester-United,
2010-11-13 15:00:00,Manchester City,Birmingham,411136,https://www.whoscored.com/Matches/411136/Live/England-Premier-League-2010-2011-Manchester-City-Birmingham,
2010-11-13 15:00:00,Newcastle,Fulham,411130,https://www.whoscored.com/Matches/411130/Live/England-Premier-League-2010-2011-Newcastle-Fulham,
2010-11-13 17:30:00,Stoke,Liverpool,411146,https://www.whoscored.com/Matches/411146/Live/England-Premier-League-2010-2011-Stoke-Liverpool,
2010-11-13 15:00:00,Tottenham,Blackburn,411151,https://www.whoscored.com/Matches/411151/Live/England-Premier-League-2010-2011-Tottenham-Blackburn,
2010-11-13 15:00:00,West Ham,Blackpool,411112,https://www.whoscored.com/Matches/411112/Live/England-Premier-League-2010-2011-West-Ham-Blackpool,
2010-11-13 15:00:00,Wigan,West Bromwich,411152,https://www.whoscored.com/Matches/411152/Live/England-Premier-League-2010-2011-Wigan-West-Bromwich,
2010-11-13 15:00:00,Wolverhampton,Bolton,411141,https://www.whoscored.com/Matches/411141/Live/England-Premier-League-2010-2011-Wolverhampton-Bolton,
2010-11-14 16:10:00,Chelsea,Sunderland,411157,https://www.whoscored.com/Matches/411157/Live/England-Premier-League-2010-2011-Chelsea-Sunderland,
2010-11-14 14:00:00,Everton,Arsenal,411124,https://www.whoscored.com/Matches/411124/Live/England-Premier-League-2010-2011-Everton-Arsenal,
2010-11-20 12:45:00,Arsenal,Tottenham,411113,https://www.whoscored.com/Matches/411113/Live/England-Premier-League-2010-2011-Arsenal-Tottenham,
2010-11-20 15:00:00,Birmingham,Chelsea,411120,https://www.whoscored.com/Matches/411120/Live/England-Premier-League-2010-2011-Birmingham-Chelsea,
2010-11-20 15:00:00,Blackpool,Wolverhampton,411137,https://www.whoscored.com/Matches/411137/Live/England-Premier-League-2010-2011-Blackpool-Wolverhampton,
2010-11-20 15:00:00,Bolton,Newcastle,411126,https://www.whoscored.com/Matches/411126/Live/England-Premier-League-2010-2011-Bolton-Newcastle,
2010-11-20 17:30:00,Liverpool,West Ham,411119,https://www.whoscored.com/Matches/411119/Live/England-Premier-League-2010-2011-Liverpool-West-Ham,
2010-11-20 15:00:00,Manchester United,Wigan,411162,https://www.whoscored.com/Matches/411162/Live/England-Premier-League-2010-2011-Manchester-United-Wigan,
2010-11-20 15:00:00,West Bromwich,Stoke,411132,https://www.whoscored.com/Matches/411132/Live/England-Premier-League-2010-2011-West-Bromwich-Stoke,
2010-11-21 13:30:00,Blackburn,Aston Villa,411131,https://www.whoscored.com/Matches/411131/Live/England-Premier-League-2010-2011-Blackburn-Aston-Villa,
2010-11-21 16:00:00,Fulham,Manchester City,411114,https://www.whoscored.com/Matches/411114/Live/England-Premier-League-2010-2011-Fulham-Manchester-City,
2010-11-22 20:00:00,Sunderland,Everton,411125,https://www.whoscored.com/Matches/411125/Live/England-Premier-League-2010-2011-Sunderland-Everton,
2010-11-27 12:45:00,Aston Villa,Arsenal,411158,https://www.whoscored.com/Matches/411158/Live/England-Premier-League-2010-2011-Aston-Villa-Arsenal,
2010-11-27 15:00:00,Bolton,Blackpool,411178,https://www.whoscored.com/Matches/411178/Live/England-Premier-League-2010-2011-Bolton-Blackpool,
2010-11-27 15:00:00,Everton,West Bromwich,411163,https://www.whoscored.com/Matches/411163/Live/England-Premier-League-2010-2011-Everton-West-Bromwich,
2010-11-27 15:00:00,Fulham,Birmingham,411175,https://www.whoscored.com/Matches/411175/Live/England-Premier-League-2010-2011-Fulham-Birmingham,
2010-11-27 15:00:00,Manchester United,Blackburn,411142,https://www.whoscored.com/Matches/411142/Live/England-Premier-League-2010-2011-Manchester-United-Blackburn,
2010-11-27 15:00:00,Stoke,Manchester City,411181,https://www.whoscored.com/Matches/411181/Live/England-Premier-League-2010-2011-Stoke-Manchester-City,
2010-11-27 15:00:00,West Ham,Wigan,411153,https://www.whoscored.com/Matches/411153/Live/England-Premier-League-2010-2011-West-Ham-Wigan,
2010-11-27 15:00:00,Wolverhampton,Sunderland,411171,https://www.whoscored.com/Matches/411171/Live/England-Premier-League-2010-2011-Wolverhampton-Sunderland,
2010-11-28 13:30:00,Newcastle,Chelsea,411167,https://www.whoscored.com/Matches/411167/Live/England-Premier-League-2010-2011-Newcastle-Chelsea,
2010-11-28 16:00:00,Tottenham,Liverpool,411147,https://www.whoscored.com/Matches/411147/Live/England-Premier-League-2010-2011-Tottenham-Liverpool,
2010-12-04 15:00:00,Arsenal,Fulham,411115,https://www.whoscored.com/Matches/411115/Live/England-Premier-League-2010-2011-Arsenal-Fulham,
2010-12-04 15:00:00,Birmingham,Tottenham,411143,https://www.whoscored.com/Matches/411143/Live/England-Premier-League-2010-2011-Birmingham-Tottenham,
2010-12-04 15:00:00,Blackburn,Wolverhampton,411138,https://www.whoscored.com/Matches/411138/Live/England-Premier-League-2010-2011-Blackburn-Wolverhampton,
2010-12-04 15:00:00,Chelsea,Everton,411164,https://www.whoscored.com/Matches/411164/Live/England-Premier-League-2010-2011-Chelsea-Everton,
2010-12-04 15:00:00,Manchester City,Bolton,411133,https://www.whoscored.com/Matches/411133/Live/England-Premier-League-2010-2011-Manchester-City-Bolton,
2010-12-04 15:00:00,Wigan,Stoke,411159,https://www.whoscored.com/Matches/411159/Live/England-Premier-League-2010-2011-Wigan-Stoke,
2010-12-05 16:00:00,Sunderland,West Ham,411127,https://www.whoscored.com/Matches/411127/Live/England-Premier-League-2010-2011-Sunderland-West-Ham,
2010-12-05 13:30:00,West Bromwich,Newcastle,411148,https://www.whoscored.com/Matches/411148/Live/England-Premier-League-2010-2011-West-Bromwich-Newcastle,
2010-12-06 20:00:00,Liverpool,Aston Villa,411121,https://www.whoscored.com/Matches/411121/Live/England-Premier-League-2010-2011-Liverpool-Aston-Villa,
2010-12-11 15:00:00,Aston Villa,West Bromwich,411179,https://www.whoscored.com/Matches/411179/Live/England-Premier-League-2010-2011-Aston-Villa-West-Bromwich,
2010-12-11 15:00:00,Everton,Wigan,411182,https://www.whoscored.com/Matches/411182/Live/England-Premier-League-2010-2011-Everton-Wigan,
2010-12-11 15:00:00,Fulham,Sunderland,411185,https://www.whoscored.com/Matches/411185/Live/England-Premier-League-2010-2011-Fulham-Sunderland,
2010-12-11 17:30:00,Newcastle,Liverpool,411183,https://www.whoscored.com/Matches/411183/Live/England-Premier-League-2010-2011-Newcastle-Liverpool,
2010-12-11 15:00:00,Stoke,Blackpool,411116,https://www.whoscored.com/Matches/411116/Live/England-Premier-League-2010-2011-Stoke-Blackpool,
2010-12-11 15:00:00,West Ham,Manchester City,411176,https://www.whoscored.com/Matches/411176/Live/England-Premier-League-2010-2011-West-Ham-Manchester-City,
2010-12-12 13:30:00,Bolton,Blackburn,411186,https://www.whoscored.com/Matches/411186/Live/England-Premier-League-2010-2011-Bolton-Blackburn,
2010-12-12 16:00:00,Tottenham,Chelsea,411172,https://www.whoscored.com/Matches/411172/Live/England-Premier-League-2010-2011-Tottenham-Chelsea,
2010-12-12 13:30:00,Wolverhampton,Birmingham,411184,https://www.whoscored.com/Matches/411184/Live/England-Premier-League-2010-2011-Wolverhampton-Birmingham,
2010-12-13 20:00:00,Manchester United,Arsenal,411168,https://www.whoscored.com/Matches/411168/Live/England-Premier-League-2010-2011-Manchester-United-Arsenal,
2010-12-18 15:00:00,Blackburn,West Ham,411144,https://www.whoscored.com/Matches/411144/Live/England-Premier-League-2010-2011-Blackburn-West-Ham,
2010-12-18 12:45:00,Sunderland,Bolton,411134,https://www.whoscored.com/Matches/411134/Live/England-Premier-League-2010-2011-Sunderland-Bolton,
2010-12-20 20:00:00,Manchester City,Everton,411139,https://www.whoscored.com/Matches/411139/Live/England-Premier-League-2010-2011-Manchester-City-Everton,
2010-12-26 17:30:00,Aston Villa,Tottenham,411194,https://www.whoscored.com/Matches/411194/Live/England-Premier-League-2010-2011-Aston-Villa-Tottenham,
2010-12-26 15:00:00,Blackburn,Stoke,411201,https://www.whoscored.com/Matches/411201/Live/England-Premier-League-2010-2011-Blackburn-Stoke,
2010-12-26 15:00:00,Bolton,West Bromwich,411203,https://www.whoscored.com/Matches/411203/Live/England-Premier-League-2010-2011-Bolton-West-Bromwich,
2010-12-26 12:00:00,Fulham,West Ham,411202,https://www.whoscored.com/Matches/411202/Live/England-Premier-League-2010-2011-Fulham-West-Ham,
2010-12-26 15:00:00,Manchester United,Sunderland,411174,https://www.whoscored.com/Matches/411174/Live/England-Premier-League-2010-2011-Manchester-United-Sunderland,
2010-12-26 15:00:00,Newcastle,Manchester City,411198,https://www.whoscored.com/Matches/411198/Live/England-Premier-League-2010-2011-Newcastle-Manchester-City,
2010-12-26 15:00:00,Wolverhampton,Wigan,411200,https://www.whoscored.com/Matches/411200/Live/England-Premier-League-2010-2011-Wolverhampton-Wigan,
2010-12-27 20:00:00,Arsenal,Chelsea,411192,https://www.whoscored.com/Matches/411192/Live/England-Premier-League-2010-2011-Arsenal-Chelsea,
2010-12-28 20:00:00,Birmingham,Manchester United,411191,https://www.whoscored.com/Matches/411191/Live/England-Premier-League-2010-2011-Birmingham-Manchester-United,
2010-12-28 15:00:00,Manchester City,Aston Villa,411190,https://www.whoscored.com/Matches/411190/Live/England-Premier-League-2010-2011-Manchester-City-Aston-Villa,
2010-12-28 15:00:00,Stoke,Fulham,411195,https://www.whoscored.com/Matches/411195/Live/England-Premier-League-2010-2011-Stoke-Fulham,
2010-12-28 15:00:00,Sunderland,Blackpool,411188,https://www.whoscored.com/Matches/411188/Live/England-Premier-League-2010-2011-Sunderland-Blackpool,
2010-12-28 15:00:00,Tottenham,Newcastle,411187,https://www.whoscored.com/Matches/411187/Live/England-Premier-League-2010-2011-Tottenham-Newcastle,
2010-12-28 15:00:00,West Bromwich,Blackburn,411193,https://www.whoscored.com/Matches/411193/Live/England-Premier-League-2010-2011-West-Bromwich-Blackburn,
2010-12-28 17:30:00,West Ham,Everton,411189,https://www.whoscored.com/Matches/411189/Live/England-Premier-League-2010-2011-West-Ham-Everton,
2010-12-29 19:45:00,Chelsea,Bolton,411199,https://www.whoscored.com/Matches/411199/Live/England-Premier-League-2010-2011-Chelsea-Bolton,
2010-12-29 20:00:00,Liverpool,Wolverhampton,411205,https://www.whoscored.com/Matches/411205/Live/England-Premier-League-2010-2011-Liverpool-Wolverhampton,
2010-12-29 19:45:00,Wigan,Arsenal,411197,https://www.whoscored.com/Matches/411197/Live/England-Premier-League-2010-2011-Wigan-Arsenal,
2011-01-01 17:30:00,Birmingham,Arsenal,411250,https://www.whoscored.com/Matches/411250/Live/England-Premier-League-2010-2011-Birmingham-Arsenal,
2011-01-01 15:00:00,Liverpool,Bolton,411245,https://www.whoscored.com/Matches/411245/Live/England-Premier-League-2010-2011-Liverpool-Bolton,
2011-01-01 15:00:00,Manchester City,Blackpool,411249,https://www.whoscored.com/Matches/411249/Live/England-Premier-League-2010-2011-Manchester-City-Blackpool,
2011-01-01 15:00:00,Stoke,Everton,411252,https://www.whoscored.com/Matches/411252/Live/England-Premier-League-2010-2011-Stoke-Everton,
2011-01-01 15:00:00,Sunderland,Blackburn,411246,https://www.whoscored.com/Matches/411246/Live/England-Premier-League-2010-2011-Sunderland-Blackburn,
2011-01-01 15:00:00,Tottenham,Fulham,411247,https://www.whoscored.com/Matches/411247/Live/England-Premier-League-2010-2011-Tottenham-Fulham,
2011-01-01 12:45:00,West Bromwich,Manchester United,411251,https://www.whoscored.com/Matches/411251/Live/England-Premier-League-2010-2011-West-Bromwich-Manchester-United,
2011-01-01 15:00:00,West Ham,Wolverhampton,411248,https://www.whoscored.com/Matches/411248/Live/England-Premier-League-2010-2011-West-Ham-Wolverhampton,
2011-01-02 13:30:00,Chelsea,Aston Villa,411254,https://www.whoscored.com/Matches/411254/Live/England-Premier-League-2010-2011-Chelsea-Aston-Villa,
2011-01-02 16:00:00,Wigan,Newcastle,411253,https://www.whoscored.com/Matches/411253/Live/England-Premier-League-2010-2011-Wigan-Newcastle,
2011-01-04 20:00:00,Blackpool,Birmingham,411264,https://www.whoscored.com/Matches/411264/Live/England-Premier-League-2010-2011-Blackpool-Birmingham,
2011-01-04 20:00:00,Fulham,West Bromwich,411274,https://www.whoscored.com/Matches/411274/Live/England-Premier-League-2010-2011-Fulham-West-Bromwich,
2011-01-04 20:00:00,Manchester United,Stoke,411255,https://www.whoscored.com/Matches/411255/Live/England-Premier-League-2010-2011-Manchester-United-Stoke,
2011-01-05 19:45:00,Arsenal,Manchester City,411256,https://www.whoscored.com/Matches/411256/Live/England-Premier-League-2010-2011-Arsenal-Manchester-City,
2011-01-05 19:45:00,Aston Villa,Sunderland,411266,https://www.whoscored.com/Matches/411266/Live/England-Premier-League-2010-2011-Aston-Villa-Sunderland,
2011-01-05 20:00:00,Blackburn,Liverpool,411272,https://www.whoscored.com/Matches/411272/Live/England-Premier-League-2010-2011-Blackburn-Liverpool,
2011-01-05 20:00:00,Bolton,Wigan,411258,https://www.whoscored.com/Matches/411258/Live/England-Premier-League-2010-2011-Bolton-Wigan,
2011-01-05 20:00:00,Everton,Tottenham,411268,https://www.whoscored.com/Matches/411268/Live/England-Premier-League-2010-2011-Everton-Tottenham,
2011-01-05 19:45:00,Newcastle,West Ham,411270,https://www.whoscored.com/Matches/411270/Live/England-Premier-League-2010-2011-Newcastle-West-Ham,
2011-01-05 19:45:00,Wolverhampton,Chelsea,411257,https://www.whoscored.com/Matches/411257/Live/England-Premier-League-2010-2011-Wolverhampton-Chelsea,
2011-01-12 20:00:00,Blackpool,Liverpool,411204,https://www.whoscored.com/Matches/411204/Live/England-Premier-League-2010-2011-Blackpool-Liverpool,
2011-01-15 15:00:00,Chelsea,Blackburn,411265,https://www.whoscored.com/Matches/411265/Live/England-Premier-League-2010-2011-Chelsea-Blackburn,
2011-01-15 15:00:00,Manchester City,Wolverhampton,411259,https://www.whoscored.com/Matches/411259/Live/England-Premier-League-2010-2011-Manchester-City-Wolverhampton,
2011-01-15 15:00:00,Stoke,Bolton,411262,https://www.whoscored.com/Matches/411262/Live/England-Premier-League-2010-2011-Stoke-Bolton,
2011-01-15 15:00:00,West Bromwich,Blackpool,411261,https://www.whoscored.com/Matches/411261/Live/England-Premier-League-2010-2011-West-Bromwich-Blackpool,
2011-01-15 17:30:00,West Ham,Arsenal,411282,https://www.whoscored.com/Matches/411282/Live/England-Premier-League-2010-2011-West-Ham-Arsenal,
2011-01-15 15:00:00,Wigan,Fulham,411263,https://www.whoscored.com/Matches/411263/Live/England-Premier-League-2010-2011-Wigan-Fulham,
2011-01-16 12:00:00,Birmingham,Aston Villa,411260,https://www.whoscored.com/Matches/411260/Live/England-Premier-League-2010-2011-Birmingham-Aston-Villa,
2011-01-16 14:05:00,Liverpool,Everton,411276,https://www.whoscored.com/Matches/411276/Live/England-Premier-League-2010-2011-Liverpool-Everton,
2011-01-16 12:00:00,Sunderland,Newcastle,411278,https://www.whoscored.com/Matches/411278/Live/England-Premier-League-2010-2011-Sunderland-Newcastle,
2011-01-16 16:10:00,Tottenham,Manchester United,411280,https://www.whoscored.com/Matches/411280/Live/England-Premier-League-2010-2011-Tottenham-Manchester-United,
2011-01-22 15:00:00,Arsenal,Wigan,411269,https://www.whoscored.com/Matches/411269/Live/England-Premier-League-2010-2011-Arsenal-Wigan,
2011-01-22 17:30:00,Aston Villa,Manchester City,411271,https://www.whoscored.com/Matches/411271/Live/England-Premier-League-2010-2011-Aston-Villa-Manchester-City,
2011-01-22 15:00:00,Blackpool,Sunderland,411286,https://www.whoscored.com/Matches/411286/Live/England-Premier-League-2010-2011-Blackpool-Sunderland,
2011-01-22 15:00:00,Everton,West Ham,411273,https://www.whoscored.com/Matches/411273/Live/England-Premier-League-2010-2011-Everton-West-Ham,
2011-01-22 15:00:00,Fulham,Stoke,411281,https://www.whoscored.com/Matches/411281/Live/England-Premier-League-2010-2011-Fulham-Stoke,
2011-01-22 15:00:00,Manchester United,Birmingham,411267,https://www.whoscored.com/Matches/411267/Live/England-Premier-League-2010-2011-Manchester-United-Birmingham,
2011-01-22 15:00:00,Newcastle,Tottenham,411275,https://www.whoscored.com/Matches/411275/Live/England-Premier-League-2010-2011-Newcastle-Tottenham,
2011-01-22 12:45:00,Wolverhampton,Liverpool,411277,https://www.whoscored.com/Matches/411277/Live/England-Premier-League-2010-2011-Wolverhampton-Liverpool,
2011-01-23 16:00:00,Blackburn,West Bromwich,411279,https://www.whoscored.com/Matches/411279/Live/England-Premier-League-2010-2011-Blackburn-West-Bromwich,
2011-01-24 20:00:00,Bolton,Chelsea,411283,https://www.whoscored.com/Matches/411283/Live/England-Premier-League-2010-2011-Bolton-Chelsea,
2011-01-25 19:30:00,Blackpool,Manchester United,411154,https://www.whoscored.com/Matches/411154/Live/England-Premier-League-2010-2011-Blackpool-Manchester-United,
2011-01-25 19:45:00,Wigan,Aston Villa,411166,https://www.whoscored.com/Matches/411166/Live/England-Premier-League-2010-2011-Wigan-Aston-Villa,
2011-01-26 20:00:00,Liverpool,Fulham,411128,https://www.whoscored.com/Matches/411128/Live/England-Premier-League-2010-2011-Liverpool-Fulham,
2011-02-01 19:45:00,Arsenal,Everton,411292,https://www.whoscored.com/Matches/411292/Live/England-Premier-League-2010-2011-Arsenal-Everton,
2011-02-01 20:00:00,Manchester United,Aston Villa,411289,https://www.whoscored.com/Matches/411289/Live/England-Premier-League-2010-2011-Manchester-United-Aston-Villa,
2011-02-01 19:45:00,Sunderland,Chelsea,411295,https://www.whoscored.com/Matches/411295/Live/England-Premier-League-2010-2011-Sunderland-Chelsea,
2011-02-01 20:00:00,West Bromwich,Wigan,411304,https://www.whoscored.com/Matches/411304/Live/England-Premier-League-2010-2011-West-Bromwich-Wigan,
2011-02-02 19:45:00,Birmingham,Manchester City,411298,https://www.whoscored.com/Matches/411298/Live/England-Premier-League-2010-2011-Birmingham-Manchester-City,
2011-02-02 20:00:00,Blackburn,Tottenham,411313,https://www.whoscored.com/Matches/411313/Live/England-Premier-League-2010-2011-Blackburn-Tottenham,
2011-02-02 20:00:00,Blackpool,West Ham,411307,https://www.whoscored.com/Matches/411307/Live/England-Premier-League-2010-2011-Blackpool-West-Ham,
2011-02-02 20:00:00,Bolton,Wolverhampton,411301,https://www.whoscored.com/Matches/411301/Live/England-Premier-League-2010-2011-Bolton-Wolverhampton,
2011-02-02 20:00:00,Fulham,Newcastle,411316,https://www.whoscored.com/Matches/411316/Live/England-Premier-League-2010-2011-Fulham-Newcastle,
2011-02-02 20:00:00,Liverpool,Stoke,411310,https://www.whoscored.com/Matches/411310/Live/England-Premier-League-2010-2011-Liverpool-Stoke,
2011-02-05 15:00:00,Aston Villa,Fulham,411290,https://www.whoscored.com/Matches/411290/Live/England-Premier-League-2010-2011-Aston-Villa-Fulham,
2011-02-05 15:00:00,Everton,Blackpool,411293,https://www.whoscored.com/Matches/411293/Live/England-Premier-League-2010-2011-Everton-Blackpool,
2011-02-05 15:00:00,Manchester City,West Bromwich,411299,https://www.whoscored.com/Matches/411299/Live/England-Premier-League-2010-2011-Manchester-City-West-Bromwich,
2011-02-05 15:00:00,Newcastle,Arsenal,411296,https://www.whoscored.com/Matches/411296/Live/England-Premier-League-2010-2011-Newcastle-Arsenal,
2011-02-05 12:45:00,Stoke,Sunderland,411305,https://www.whoscored.com/Matches/411305/Live/England-Premier-League-2010-2011-Stoke-Sunderland,
2011-02-05 15:00:00,Tottenham,Bolton,411284,https://www.whoscored.com/Matches/411284/Live/England-Premier-League-2010-2011-Tottenham-Bolton,
2011-02-05 15:00:00,Wigan,Blackburn,411308,https://www.whoscored.com/Matches/411308/Live/England-Premier-League-2010-2011-Wigan-Blackburn,
2011-02-05 17:30:00,Wolverhampton,Manchester United,411302,https://www.whoscored.com/Matches/411302/Live/England-Premier-League-2010-2011-Wolverhampton-Manchester-United,
2011-02-06 16:00:00,Chelsea,Liverpool,411311,https://www.whoscored.com/Matches/411311/Live/England-Premier-League-2010-2011-Chelsea-Liverpool,
2011-02-06 13:30:00,West Ham,Birmingham,411287,https://www.whoscored.com/Matches/411287/Live/England-Premier-League-2010-2011-West-Ham-Birmingham,
2011-02-12 15:00:00,Arsenal,Wolverhampton,411317,https://www.whoscored.com/Matches/411317/Live/England-Premier-League-2010-2011-Arsenal-Wolverhampton,
2011-02-12 15:00:00,Birmingham,Stoke,411288,https://www.whoscored.com/Matches/411288/Live/England-Premier-League-2010-2011-Birmingham-Stoke,
2011-02-12 15:00:00,Blackburn,Newcastle,411321,https://www.whoscored.com/Matches/411321/Live/England-Premier-League-2010-2011-Blackburn-Newcastle,
2011-02-12 15:00:00,Blackpool,Aston Villa,411297,https://www.whoscored.com/Matches/411297/Live/England-Premier-League-2010-2011-Blackpool-Aston-Villa,
2011-02-12 15:00:00,Liverpool,Wigan,411319,https://www.whoscored.com/Matches/411319/Live/England-Premier-League-2010-2011-Liverpool-Wigan,
2011-02-12 12:45:00,Manchester United,Manchester City,411314,https://www.whoscored.com/Matches/411314/Live/England-Premier-League-2010-2011-Manchester-United-Manchester-City,
2011-02-12 17:30:00,Sunderland,Tottenham,411320,https://www.whoscored.com/Matches/411320/Live/England-Premier-League-2010-2011-Sunderland-Tottenham,
2011-02-12 15:00:00,West Bromwich,West Ham,411294,https://www.whoscored.com/Matches/411294/Live/England-Premier-League-2010-2011-West-Bromwich-West-Ham,
2011-02-13 16:00:00,Bolton,Everton,411291,https://www.whoscored.com/Matches/411291/Live/England-Premier-League-2010-2011-Bolton-Everton,
2011-02-14 20:00:00,Fulham,Chelsea,411285,https://www.whoscored.com/Matches/411285/Live/England-Premier-League-2010-2011-Fulham-Chelsea,
2011-02-15 19:45:00,Birmingham,Newcastle,411150,https://www.whoscored.com/Matches/411150/Live/England-Premier-League-2010-2011-Birmingham-Newcastle,
2011-02-20 12:00:00,West Bromwich,Wolverhampton,411156,https://www.whoscored.com/Matches/411156/Live/England-Premier-League-2010-2011-West-Bromwich-Wolverhampton,
2011-02-22 20:00:00,Blackpool,Tottenham,411161,https://www.whoscored.com/Matches/411161/Live/England-Premier-League-2010-2011-Blackpool-Tottenham,
2011-02-23 19:45:00,Arsenal,Stoke,411122,https://www.whoscored.com/Matches/411122/Live/England-Premier-League-2010-2011-Arsenal-Stoke,
2011-02-26 15:00:00,Aston Villa,Blackburn,411306,https://www.whoscored.com/Matches/411306/Live/England-Premier-League-2010-2011-Aston-Villa-Blackburn,
2011-02-26 15:00:00,Everton,Sunderland,411309,https://www.whoscored.com/Matches/411309/Live/England-Premier-League-2010-2011-Everton-Sunderland,
2011-02-26 15:00:00,Newcastle,Bolton,411312,https://www.whoscored.com/Matches/411312/Live/England-Premier-League-2010-2011-Newcastle-Bolton,
2011-02-26 15:00:00,Wigan,Manchester United,411330,https://www.whoscored.com/Matches/411330/Live/England-Premier-League-2010-2011-Wigan-Manchester-United,
2011-02-26 15:00:00,Wolverhampton,Blackpool,411318,https://www.whoscored.com/Matches/411318/Live/England-Premier-League-2010-2011-Wolverhampton-Blackpool,
2011-02-27 15:00:00,Manchester City,Fulham,411315,https://www.whoscored.com/Matches/411315/Live/England-Premier-League-2010-2011-Manchester-City-Fulham,
2011-02-27 13:30:00,West Ham,Liverpool,411303,https://www.whoscored.com/Matches/411303/Live/England-Premier-League-2010-2011-West-Ham-Liverpool,
2011-02-28 20:00:00,Stoke,West Bromwich,411327,https://www.whoscored.com/Matches/411327/Live/England-Premier-League-2010-2011-Stoke-West-Bromwich,
2011-03-01 19:45:00,Chelsea,Manchester United,411170,https://www.whoscored.com/Matches/411170/Live/England-Premier-League-2010-2011-Chelsea-Manchester-United,
2011-03-05 15:00:00,Arsenal,Sunderland,411336,https://www.whoscored.com/Matches/411336/Live/England-Premier-League-2010-2011-Arsenal-Sunderland,
2011-03-05 12:45:00,Birmingham,West Bromwich,411329,https://www.whoscored.com/Matches/411329/Live/England-Premier-League-2010-2011-Birmingham-West-Bromwich,
2011-03-05 15:00:00,Bolton,Aston Villa,411332,https://www.whoscored.com/Matches/411332/Live/England-Premier-League-2010-2011-Bolton-Aston-Villa,
2011-03-05 15:00:00,Fulham,Blackburn,411326,https://www.whoscored.com/Matches/411326/Live/England-Premier-League-2010-2011-Fulham-Blackburn,
2011-03-05 17:30:00,Manchester City,Wigan,411322,https://www.whoscored.com/Matches/411322/Live/England-Premier-League-2010-2011-Manchester-City-Wigan,
2011-03-05 15:00:00,Newcastle,Everton,411345,https://www.whoscored.com/Matches/411345/Live/England-Premier-League-2010-2011-Newcastle-Everton,
2011-03-05 15:00:00,West Ham,Stoke,411342,https://www.whoscored.com/Matches/411342/Live/England-Premier-League-2010-2011-West-Ham-Stoke,
2011-03-06 13:30:00,Liverpool,Manchester United,411339,https://www.whoscored.com/Matches/411339/Live/England-Premier-League-2010-2011-Liverpool-Manchester-United,
2011-03-06 16:00:00,Wolverhampton,Tottenham,411324,https://www.whoscored.com/Matches/411324/Live/England-Premier-League-2010-2011-Wolverhampton-Tottenham,
2011-03-07 20:00:00,Blackpool,Chelsea,411335,https://www.whoscored.com/Matches/411335/Live/England-Premier-League-2010-2011-Blackpool-Chelsea,
2011-03-09 20:00:00,Everton,Birmingham,411196,https://www.whoscored.com/Matches/411196/Live/England-Premier-League-2010-2011-Everton-Birmingham,
2011-03-19 15:00:00,Aston Villa,Wolverhampton,411347,https://www.whoscored.com/Matches/411347/Live/England-Premier-League-2010-2011-Aston-Villa-Wolverhampton,
2011-03-19 15:00:00,Blackburn,Blackpool,411325,https://www.whoscored.com/Matches/411325/Live/England-Premier-League-2010-2011-Blackburn-Blackpool,
2011-03-19 17:30:00,Everton,Fulham,411323,https://www.whoscored.com/Matches/411323/Live/England-Premier-League-2010-2011-Everton-Fulham,
2011-03-19 15:00:00,Manchester United,Bolton,411338,https://www.whoscored.com/Matches/411338/Live/England-Premier-League-2010-2011-Manchester-United-Bolton,
2011-03-19 15:00:00,Stoke,Newcastle,411331,https://www.whoscored.com/Matches/411331/Live/England-Premier-League-2010-2011-Stoke-Newcastle,
2011-03-19 12:45:00,Tottenham,West Ham,411344,https://www.whoscored.com/Matches/411344/Live/England-Premier-League-2010-2011-Tottenham-West-Ham,
2011-03-19 15:00:00,West Bromwich,Arsenal,411328,https://www.whoscored.com/Matches/411328/Live/England-Premier-League-2010-2011-West-Bromwich-Arsenal,
2011-03-19 15:00:00,Wigan,Birmingham,411334,https://www.whoscored.com/Matches/411334/Live/England-Premier-League-2010-2011-Wigan-Birmingham,
2011-03-20 16:00:00,Chelsea,Manchester City,411337,https://www.whoscored.com/Matches/411337/Live/England-Premier-League-2010-2011-Chelsea-Manchester-City,
2011-03-20 13:30:00,Sunderland,Liverpool,411341,https://www.whoscored.com/Matches/411341/Live/England-Premier-League-2010-2011-Sunderland-Liverpool,
2011-04-02 17:30:00,Arsenal,Blackburn,411340,https://www.whoscored.com/Matches/411340/Live/England-Premier-League-2010-2011-Arsenal-Blackburn,
2011-04-02 15:00:00,Birmingham,Bolton,411351,https://www.whoscored.com/Matches/411351/Live/England-Premier-League-2010-2011-Birmingham-Bolton,
2011-04-02 15:00:00,Everton,Aston Villa,411346,https://www.whoscored.com/Matches/411346/Live/England-Premier-League-2010-2011-Everton-Aston-Villa,
2011-04-02 15:00:00,Newcastle,Wolverhampton,411348,https://www.whoscored.com/Matches/411348/Live/England-Premier-League-2010-2011-Newcastle-Wolverhampton,
2011-04-02 15:00:00,Stoke,Chelsea,411353,https://www.whoscored.com/Matches/411353/Live/England-Premier-League-2010-2011-Stoke-Chelsea,
2011-04-02 15:00:00,West Bromwich,Liverpool,411352,https://www.whoscored.com/Matches/411352/Live/England-Premier-League-2010-2011-West-Bromwich-Liverpool,
2011-04-02 12:45:00,West Ham,Manchester United,411343,https://www.whoscored.com/Matches/411343/Live/England-Premier-League-2010-2011-West-Ham-Manchester-United,
2011-04-02 15:00:00,Wigan,Tottenham,411354,https://www.whoscored.com/Matches/411354/Live/England-Premier-League-2010-2011-Wigan-Tottenham,
2011-04-03 13:30:00,Fulham,Blackpool,411350,https://www.whoscored.com/Matches/411350/Live/England-Premier-League-2010-2011-Fulham-Blackpool,
2011-04-03 16:00:00,Manchester City,Sunderland,411349,https://www.whoscored.com/Matches/411349/Live/England-Premier-League-2010-2011-Manchester-City-Sunderland,
2011-04-09 15:00:00,Blackburn,Birmingham,411387,https://www.whoscored.com/Matches/411387/Live/England-Premier-League-2010-2011-Blackburn-Birmingham,
2011-04-09 15:00:00,Bolton,West Ham,411391,https://www.whoscored.com/Matches/411391/Live/England-Premier-League-2010-2011-Bolton-West-Ham,
2011-04-09 15:00:00,Chelsea,Wigan,411361,https://www.whoscored.com/Matches/411361/Live/England-Premier-League-2010-2011-Chelsea-Wigan,
2011-04-09 15:00:00,Manchester United,Fulham,411355,https://www.whoscored.com/Matches/411355/Live/England-Premier-League-2010-2011-Manchester-United-Fulham,
2011-04-09 15:00:00,Sunderland,West Bromwich,411369,https://www.whoscored.com/Matches/411369/Live/England-Premier-League-2010-2011-Sunderland-West-Bromwich,
2011-04-09 15:00:00,Tottenham,Stoke,411374,https://www.whoscored.com/Matches/411374/Live/England-Premier-League-2010-2011-Tottenham-Stoke,
2011-04-09 12:45:00,Wolverhampton,Everton,411383,https://www.whoscored.com/Matches/411383/Live/England-Premier-League-2010-2011-Wolverhampton-Everton,
2011-04-10 16:00:00,Aston Villa,Newcastle,411379,https://www.whoscored.com/Matches/411379/Live/England-Premier-League-2010-2011-Aston-Villa-Newcastle,
2011-04-10 13:30:00,Blackpool,Arsenal,411357,https://www.whoscored.com/Matches/411357/Live/England-Premier-League-2010-2011-Blackpool-Arsenal,
2011-04-11 20:00:00,Liverpool,Manchester City,411356,https://www.whoscored.com/Matches/411356/Live/England-Premier-League-2010-2011-Liverpool-Manchester-City,
2011-04-16 15:00:00,Birmingham,Sunderland,411372,https://www.whoscored.com/Matches/411372/Live/England-Premier-League-2010-2011-Birmingham-Sunderland,
2011-04-16 15:00:00,Blackpool,Wigan,410990,https://www.whoscored.com/Matches/410990/Live/England-Premier-League-2010-2011-Blackpool-Wigan,
2011-04-16 15:00:00,Everton,Blackburn,411375,https://www.whoscored.com/Matches/411375/Live/England-Premier-League-2010-2011-Everton-Blackburn,
2011-04-16 15:00:00,West Bromwich,Chelsea,411377,https://www.whoscored.com/Matches/411377/Live/England-Premier-League-2010-2011-West-Bromwich-Chelsea,
2011-04-16 15:00:00,West Ham,Aston Villa,411370,https://www.whoscored.com/Matches/411370/Live/England-Premier-League-2010-2011-West-Ham-Aston-Villa,
2011-04-17 16:00:00,Arsenal,Liverpool,411365,https://www.whoscored.com/Matches/411365/Live/England-Premier-League-2010-2011-Arsenal-Liverpool,
2011-04-19 19:45:00,Newcastle,Manchester United,411359,https://www.whoscored.com/Matches/411359/Live/England-Premier-League-2010-2011-Newcastle-Manchester-United,
2011-04-20 19:45:00,Chelsea,Birmingham,411333,https://www.whoscored.com/Matches/411333/Live/England-Premier-League-2010-2011-Chelsea-Birmingham,
2011-04-20 19:45:00,Tottenham,Arsenal,411300,https://www.whoscored.com/Matches/411300/Live/England-Premier-League-2010-2011-Tottenham-Arsenal,
2011-04-23 15:00:00,Aston Villa,Stoke,411371,https://www.whoscored.com/Matches/411371/Live/England-Premier-League-2010-2011-Aston-Villa-Stoke,
2011-04-23 15:00:00,Blackpool,Newcastle,411388,https://www.whoscored.com/Matches/411388/Live/England-Premier-League-2010-2011-Blackpool-Newcastle,
2011-04-23 17:30:00,Chelsea,West Ham,411392,https://www.whoscored.com/Matches/411392/Live/England-Premier-League-2010-2011-Chelsea-West-Ham,
2011-04-23 15:00:00,Liverpool,Birmingham,411358,https://www.whoscored.com/Matches/411358/Live/England-Premier-League-2010-2011-Liverpool-Birmingham,
2011-04-23 12:45:00,Manchester United,Everton,411389,https://www.whoscored.com/Matches/411389/Live/England-Premier-League-2010-2011-Manchester-United-Everton,
2011-04-23 15:00:00,Sunderland,Wigan,411362,https://www.whoscored.com/Matches/411362/Live/England-Premier-League-2010-2011-Sunderland-Wigan,
2011-04-23 15:00:00,Tottenham,West Bromwich,411366,https://www.whoscored.com/Matches/411366/Live/England-Premier-League-2010-2011-Tottenham-West-Bromwich,
2011-04-23 15:00:00,Wolverhampton,Fulham,411376,https://www.whoscored.com/Matches/411376/Live/England-Premier-League-2010-2011-Wolverhampton-Fulham,
2011-04-24 16:00:00,Bolton,Arsenal,411384,https://www.whoscored.com/Matches/411384/Live/England-Premier-League-2010-2011-Bolton-Arsenal,
2011-04-25 20:00:00,Blackburn,Manchester City,411380,https://www.whoscored.com/Matches/411380/Live/England-Premier-League-2010-2011-Blackburn-Manchester-City,
2011-04-26 19:45:00,Stoke,Wolverhampton,411381,https://www.whoscored.com/Matches/411381/Live/England-Premier-League-2010-2011-Stoke-Wolverhampton,
2011-04-27 20:00:00,Fulham,Bolton,411367,https://www.whoscored.com/Matches/411367/Live/England-Premier-League-2010-2011-Fulham-Bolton,
2011-04-30 15:00:00,Blackburn,Bolton,411360,https://www.whoscored.com/Matches/411360/Live/England-Premier-League-2010-2011-Blackburn-Bolton,
2011-04-30 15:00:00,Blackpool,Stoke,411373,https://www.whoscored.com/Matches/411373/Live/England-Premier-League-2010-2011-Blackpool-Stoke,
2011-04-30 17:30:00,Chelsea,Tottenham,411382,https://www.whoscored.com/Matches/411382/Live/England-Premier-League-2010-2011-Chelsea-Tottenham,
2011-04-30 15:00:00,Sunderland,Fulham,411397,https://www.whoscored.com/Matches/411397/Live/England-Premier-League-2010-2011-Sunderland-Fulham,
2011-04-30 15:00:00,West Bromwich,Aston Villa,411368,https://www.whoscored.com/Matches/411368/Live/England-Premier-League-2010-2011-West-Bromwich-Aston-Villa,
2011-04-30 15:00:00,Wigan,Everton,411378,https://www.whoscored.com/Matches/411378/Live/England-Premier-League-2010-2011-Wigan-Everton,
2011-05-01 14:05:00,Arsenal,Manchester United,411394,https://www.whoscored.com/Matches/411394/Live/England-Premier-League-2010-2011-Arsenal-Manchester-United,
2011-05-01 12:00:00,Birmingham,Wolverhampton,411364,https://www.whoscored.com/Matches/411364/Live/England-Premier-League-2010-2011-Birmingham-Wolverhampton,
2011-05-01 12:00:00,Liverpool,Newcastle,411396,https://www.whoscored.com/Matches/411396/Live/England-Premier-League-2010-2011-Liverpool-Newcastle,
2011-05-01 16:10:00,Manchester City,West Ham,411398,https://www.whoscored.com/Matches/411398/Live/England-Premier-League-2010-2011-Manchester-City-West-Ham,
2011-05-07 15:00:00,Aston Villa,Wigan,411395,https://www.whoscored.com/Matches/411395/Live/England-Premier-League-2010-2011-Aston-Villa-Wigan,
2011-05-07 15:00:00,Bolton,Sunderland,411418,https://www.whoscored.com/Matches/411418/Live/England-Premier-League-2010-2011-Bolton-Sunderland,
2011-05-07 15:00:00,Everton,Manchester City,411400,https://www.whoscored.com/Matches/411400/Live/England-Premier-League-2010-2011-Everton-Manchester-City,
2011-05-07 15:00:00,Newcastle,Birmingham,411406,https://www.whoscored.com/Matches/411406/Live/England-Premier-League-2010-2011-Newcastle-Birmingham,
2011-05-07 17:30:00,Tottenham,Blackpool,411390,https://www.whoscored.com/Matches/411390/Live/England-Premier-League-2010-2011-Tottenham-Blackpool,
2011-05-07 15:00:00,West Ham,Blackburn,411393,https://www.whoscored.com/Matches/411393/Live/England-Premier-League-2010-2011-West-Ham-Blackburn,
2011-05-08 16:10:00,Manchester United,Chelsea,411386,https://www.whoscored.com/Matches/411386/Live/England-Premier-League-2010-2011-Manchester-United-Chelsea,
2011-05-08 14:05:00,Stoke,Arsenal,411422,https://www.whoscored.com/Matches/411422/Live/England-Premier-League-2010-2011-Stoke-Arsenal,
2011-05-08 12:00:00,Wolverhampton,West Bromwich,411410,https://www.whoscored.com/Matches/411410/Live/England-Premier-League-2010-2011-Wolverhampton-West-Bromwich,
2011-05-09 20:00:00,Fulham,Liverpool,411413,https://www.whoscored.com/Matches/411413/Live/England-Premier-League-2010-2011-Fulham-Liverpool,
2011-05-10 19:45:00,Manchester City,Tottenham,411363,https://www.whoscored.com/Matches/411363/Live/England-Premier-League-2010-2011-Manchester-City-Tottenham,
2011-05-14 12:45:00,Blackburn,Manchester United,411439,https://www.whoscored.com/Matches/411439/Live/England-Premier-League-2010-2011-Blackburn-Manchester-United,
2011-05-14 12:45:00,Blackpool,Bolton,411445,https://www.whoscored.com/Matches/411445/Live/England-Premier-League-2010-2011-Blackpool-Bolton,
2011-05-14 12:45:00,Sunderland,Wolverhampton,411434,https://www.whoscored.com/Matches/411434/Live/England-Premier-League-2010-2011-Sunderland-Wolverhampton,
2011-05-14 12:45:00,West Bromwich,Everton,411443,https://www.whoscored.com/Matches/411443/Live/England-Premier-League-2010-2011-West-Bromwich-Everton,
2011-05-15 16:00:00,Arsenal,Aston Villa,411427,https://www.whoscored.com/Matches/411427/Live/England-Premier-League-2010-2011-Arsenal-Aston-Villa,
2011-05-15 16:00:00,Birmingham,Fulham,411441,https://www.whoscored.com/Matches/411441/Live/England-Premier-League-2010-2011-Birmingham-Fulham,
2011-05-15 13:30:00,Chelsea,Newcastle,411449,https://www.whoscored.com/Matches/411449/Live/England-Premier-League-2010-2011-Chelsea-Newcastle,
2011-05-15 16:00:00,Liverpool,Tottenham,411430,https://www.whoscored.com/Matches/411430/Live/England-Premier-League-2010-2011-Liverpool-Tottenham,
2011-05-15 16:00:00,Wigan,West Ham,411447,https://www.whoscored.com/Matches/411447/Live/England-Premier-League-2010-2011-Wigan-West-Ham,
2011-05-17 19:45:00,Manchester City,Stoke,411437,https://www.whoscored.com/Matches/411437/Live/England-Premier-League-2010-2011-Manchester-City-Stoke,
2011-05-22 16:00:00,Aston Villa,Liverpool,411412,https://www.whoscored.com/Matches/411412/Live/England-Premier-League-2010-2011-Aston-Villa-Liverpool,
2011-05-22 16:00:00,Bolton,Manchester City,411432,https://www.whoscored.com/Matches/411432/Live/England-Premier-League-2010-2011-Bolton-Manchester-City,
2011-05-22 16:00:00,Everton,Chelsea,411416,https://www.whoscored.com/Matches/411416/Live/England-Premier-League-2010-2011-Everton-Chelsea,
2011-05-22 16:00:00,Fulham,Arsenal,411429,https://www.whoscored.com/Matches/411429/Live/England-Premier-League-2010-2011-Fulham-Arsenal,
2011-05-22 16:00:00,Manchester United,Blackpool,411451,https://www.whoscored.com/Matches/411451/Live/England-Premier-League-2010-2011-Manchester-United-Blackpool,
2011-05-22 16:00:00,Newcastle,West Bromwich,411420,https://www.whoscored.com/Matches/411420/Live/England-Premier-League-2010-2011-Newcastle-West-Bromwich,
2011-05-22 16:00:00,Stoke,Wigan,411435,https://www.whoscored.com/Matches/411435/Live/England-Premier-League-2010-2011-Stoke-Wigan,
2011-05-22 16:00:00,Tottenham,Birmingham,411403,https://www.whoscored.com/Matches/411403/Live/England-Premier-League-2010-2011-Tottenham-Birmingham,
2011-05-22 16:00:00,West Ham,Sunderland,411408,https://www.whoscored.com/Matches/411408/Live/England-Premier-League-2010-2011-West-Ham-Sunderland,
2011-05-22 16:00:00,Wolverhampton,Blackburn,411424,https://www.whoscored.com/Matches/411424/Live/England-Premier-League-2010-2011-Wolverhampton-Blackburn,
